"Auftragskonto";"Buchungstag";"Valutadatum";"Buchungstext";"Verwendungszweck";"Beg�nstigter/Zahlungspflichtiger";"Kontonummer";"BLZ";"Betrag";"W�hrung";"Info"
"2741547730";"01.10";"01.10.13";"ABSCHLUSS";"Abrechnung 30.09.2013 siehe Anlage";"";"";"74571240";"0,00";"EUR";"Umsatz gebucht"
"2741547730";"01.10";"01.10.13";"ENTGELTABSCHLUSS";"Entgeltabrechnung siehe Anlage";"";"";"74571240";"-4,30";"EUR";"Umsatz gebucht"
"2741547730";"30.09";"30.09.13";"LASTSCHRIFT";"BILDUNGSKREDIT DA 5529188 AUSZAHLUNG     0,00 ZINS     5,88 TILG   114,12 APL     0,00 GEBUEHR  0,00";"KFW BANKENGRUPPE";"1488664163";"50020400";"-120,00";"EUR";"Umsatz gebucht"
"2741547730";"26.09";"26.09.13";"GUTSCHRIFT";"SVWZ+kfw 2 monthly AWV-MELDEPFLICHT BEACHTEN HOTLINE BUNDESBANK. (0800) 1234-111";"Sebastian";"DK4561012000547811";"JYBADKKK";"200,00";"EUR";"Umsatz gebucht"
"2741547730";"12.09";"12.09.13";"EIGENE KREDITKARTENABRECHN.";"KREDITKARTEN-ABR. VOM 07.09 491782XXXXXX5840     327,46";"SPK OSNABRUECK";"9002861129";"74571240";"-327,46";"EUR";"Umsatz gebucht"
"2741547730";"02.09";"02.09.13";"LASTSCHRIFT";"BILDUNGSKREDIT DA 5529188 AUSZAHLUNG     0,00 ZINS     6,01 TILG   113,99 APL     0,00 GEBUEHR  0,00";"KFW BANKENGRUPPE";"1488664163";"50020400";"-120,00";"EUR";"Umsatz gebucht"
"2741547730";"02.09";"01.09.13";"ENTGELTABSCHLUSS";"Entgeltabrechnung siehe Anlage";"";"";"74571240";"-4,18";"EUR";"Umsatz gebucht"
"2741547730";"27.08";"27.08.13";"GUTSCHRIFT";"SVWZ+kfw monthly AWV-MELDEPFLICHT BEACHTEN HOTLINE BUNDESBANK. (0800) 1234-111";"Sebastian";"DK4561012000547811";"JYBADKKK";"405,00";"EUR";"Umsatz gebucht"
